category,value,count,std,min,25%,50%,75%,max
A,11.5,,,,,,,
B,15.666666666666666,,,,,,,
C,27.666666666666668,,,,,,,
.describe(),17.6,10.0,7.381658952355418,10.0,12.25,14.5,23.25,30.0
